Graphics & Design,Logo Design,/categories/graphics-design/creative-logo-design,I will design a unique minimal logo and brand identity,4.8(30),€540.89
Graphics & Design,Logo Design,/categories/graphics-design/creative-logo-design,I will design a unique logo tailored to you,5.0(9),€2254
Graphics & Design,Logo Design,/categories/graphics-design/creative-logo-design,I will design your business logo,5.0(10),€856.42
Graphics & Design,Logo Design,/categories/graphics-design/creative-logo-design,I will design an impressive calligraphy logo for your company,5.0(4),€631.04
Graphics & Design,Logo Design,/categories/graphics-design/creative-logo-design,I will help your business stands out with strategic branding,5.0(2),€9015
Graphics & Design,Logo Design,/categories/graphics-design/creative-logo-design,I will create your visual story brand logo,5.0(12),€856.42
Graphics & Design,Logo Design,/categories/graphics-design/creative-logo-design,I will design a pro logo,4.7(1),€7167
Graphics & Design,Logo Design,/categories/graphics-design/creative-logo-design,I will design a beautiful hand lettering logo for your company,4.6(9),€450.75
Graphics & Design,Logo Design,/categories/graphics-design/creative-logo-design,I will design 3 modern minimalist logo design in 24 hrs,4.9(1k+),€9.01
Graphics & Design,Logo Design,/categories/graphics-design/creative-logo-design,I will design 3 unique modern minimalist logo design,4.9(1k+),€18.03
Graphics & Design,Logo Design,/categories/graphics-design/creative-logo-design,I will design 3 modern minimalist logo designs,4.9(1k+),€9.01
Graphics & Design,Logo Design,/categories/graphics-design/creative-logo-design,I will design 3 modern minimalist logo design in 24 hrs,4.9(1k+),€9.01
Graphics & Design,Logo Design,/categories/graphics-design/creative-logo-design,"I will hand draw a logo, illustration, mascot",5.0(149),€27.04
Graphics & Design,Logo Design,/categories/graphics-design/creative-logo-design,I will design 3 modern minimalist logo design,4.9(1k+),€9.01
Graphics & Design,Logo Design,/categories/graphics-design/creative-logo-design,I will design a modern elegant branding kit,5.0(161),€9.01
Graphics & Design,Logo Design,/categories/graphics-design/creative-logo-design,I will do modern minimalist logo design,4.9(1k+),€22.54
Graphics & Design,Logo Design,/categories/graphics-design/creative-logo-design,I will design a sleek modern minimalist logo,4.9(1k+),€49.58
Graphics & Design,Logo Design,/categories/graphics-design/creative-logo-design,"I will design your amazing mascot, caricature and character logo",4.9(307),€22.54
Graphics & Design,Logo Design,/categories/graphics-design/creative-logo-design,I will design 3 creative modern minimalist logo design,4.9(1k+),€9.01
Graphics & Design,Logo Design,/categories/graphics-design/creative-logo-design,I will design an outstanding logo,4.9(1k+),€9.01
Graphics & Design,Logo Design,/categories/graphics-design/creative-logo-design,I will design a minimalist logo,4.6(101),€13.52
Graphics & Design,Logo Design,/categories/graphics-design/creative-logo-design,I will design 3 flat minimalist logo design,4.9(1k+),€9.01
Graphics & Design,Logo Design,/categories/graphics-design/creative-logo-design,I will do modern line art text or badge logo design,4.9(1k+),€18.03
Graphics & Design,Logo Design,/categories/graphics-design/creative-logo-design,I will do modern business logo design with copyrights,4.9(1k+),€36.06
Graphics & Design,Logo Design,/categories/graphics-design/creative-logo-design,I will do modern minimalist luxury business logo design unlimited revisions,4.9(1k+),€9.01
Graphics & Design,Logo Design,/categories/graphics-design/creative-logo-design,I will do minimalist modern and business logo design,4.9(1k+),€27.04
Graphics & Design,Logo Design,/categories/graphics-design/creative-logo-design,I will design a professional modern minimalist business logo,4.9(1k+),€45.07
Graphics & Design,Logo Design,/categories/graphics-design/creative-logo-design,I will design 2 wordmark or lettermark logo for your business,4.9(98),€22.54
Graphics & Design,Logo Design,/categories/graphics-design/creative-logo-design,I will design a botanical hand drawn boho feminine logo,4.9(46),€27.04
Graphics & Design,Logo Design,/categories/graphics-design/creative-logo-design,I will design your creative logo in 24 hrs,4.8(1k+),€22.54
Graphics & Design,Logo Design,/categories/graphics-design/creative-logo-design,I will design a mini branding kit for you,5.0(462),€27.04
Graphics & Design,Logo Design,/categories/graphics-design/creative-logo-design,I will design modern minimalist logo,4.8(1k+),€9.01
Graphics & Design,Logo Design,/categories/graphics-design/creative-logo-design,I will do modern minimalist luxury logo design,5.0(1k+),€22.54
Graphics & Design,Logo Design,/categories/graphics-design/creative-logo-design,I will do modern minimalist logo design,4.9(1k+),€22.54
Graphics & Design,Logo Design,/categories/graphics-design/creative-logo-design,I will create a professional minimalist logo design,5.0(1k+),€22.54
Graphics & Design,Logo Design,/categories/graphics-design/creative-logo-design,I will design 3 minimalist logo concepts with unlimited revisions,4.9(1k+),€45.07
Graphics & Design,Logo Design,/categories/graphics-design/creative-logo-design,I will do 3 flat minimalist logo for your business,4.9(1k+),€9.01
Graphics & Design,Logo Design,/categories/graphics-design/creative-logo-design,"I will design awesome professional initial letters,  monogram logo",4.8(212),€22.54
Graphics & Design,Logo Design,/categories/graphics-design/creative-logo-design,I will do 3 modern minimalist business logo design for your brand,4.9(626),€22.54
Graphics & Design,Logo Design,/categories/graphics-design/creative-logo-design,I will do professional minimalist logo design,5.0(1k+),€22.54
Graphics & Design,Logo Design,/categories/graphics-design/creative-logo-design,I will design 3 minimalist modern line art badge or feminine logo,5.0(1k+),€9.01
Graphics & Design,Logo Design,/categories/graphics-design/creative-logo-design,I will do modern minimalist logo design with free source files,4.8(1k+),€13.52
Graphics & Design,Logo Design,/categories/graphics-design/creative-logo-design,I will create modern minimalist and luxury logo design,5.0(533),€22.54
Graphics & Design,Logo Design,/categories/graphics-design/creative-logo-design,I will do 3 modern minimalist logo design for your business,4.9(1k+),€13.52
Graphics & Design,Brand Style Guides,/categories/graphics-design/brand-style-guides,I will design your brand identity,,€811.34
Graphics & Design,Brand Style Guides,/categories/graphics-design/brand-style-guides,I will design a brand identity for your industrial and tech company,5.0(5),€856.42
Graphics & Design,Brand Style Guides,/categories/graphics-design/brand-style-guides,I will design a modern unique brand identity and guideline,5.0(5),€1353
Graphics & Design,Brand Style Guides,/categories/graphics-design/brand-style-guides,I will create your brand design guideline book,5.0(6),€1308
Graphics & Design,Brand Style Guides,/categories/graphics-design/brand-style-guides,I will design your perfect brand identity,4.8(17),€856.42
Graphics & Design,Brand Style Guides,/categories/graphics-design/brand-style-guides,I will create a sticky brand name,4.8(17),€1803
Graphics & Design,Brand Style Guides,/categories/graphics-design/brand-style-guides,I will design a professional and minimalistic brand identity,5.0(5),€1353
Graphics & Design,Brand Style Guides,/categories/graphics-design/brand-style-guides,I will unlock your business success,5.0(5),€180.3
Graphics & Design,Brand Style Guides,/categories/graphics-design/brand-style-guides,I will design trendy minimalist logo with business brand identity,4.9(259),€13.52
Graphics & Design,Brand Style Guides,/categories/graphics-design/brand-style-guides,I will design modern minimalist luxury logo and professional brand identity,4.9(81),€72.12
Graphics & Design,Brand Style Guides,/categories/graphics-design/brand-style-guides,I will create trendy minimalist logo with brand identity and brand style guides,5.0(63),€18.03
Graphics & Design,Brand Style Guides,/categories/graphics-design/brand-style-guides,I will design a premium brand style guide,4.8(40),€67.61
Graphics & Design,Brand Style Guides,/categories/graphics-design/brand-style-guides,I will design your logo and full minimalist brand identity,5.0(107),€27.04
Graphics & Design,Brand Style Guides,/categories/graphics-design/brand-style-guides,"I will create logo, full brand identity and brand style guide in spanish or english",5.0(69),€103.67
Graphics & Design,Brand Style Guides,/categories/graphics-design/brand-style-guides,I will do brand style guide and modern minimalist logo design,4.8(39),€67.61
Graphics & Design,Brand Style Guides,/categories/graphics-design/brand-style-guides,I will design logo and corporate identity,4.9(283),€22.54
Graphics & Design,Brand Style Guides,/categories/graphics-design/brand-style-guides,I will design the brand guidelines for your business,5.0(125),€585.97
Graphics & Design,Brand Style Guides,/categories/graphics-design/brand-style-guides,I will design for you the visual identity of your brand,4.9(71),€58.6
Graphics & Design,Brand Style Guides,/categories/graphics-design/brand-style-guides,I will design a modern or minimalist logo and complete brand identity professionally,4.8(33),€13.52
Graphics & Design,Brand Style Guides,/categories/graphics-design/brand-style-guides,I will design complete branding package for your brand,5.0(89),€45.07
Graphics & Design,Brand Style Guides,/categories/graphics-design/brand-style-guides,I will create an awesome logo design for you,5.0(271),€22.54
Graphics & Design,Brand Style Guides,/categories/graphics-design/brand-style-guides,I will design minimalist logo and brand guidelines,4.8(218),€18.03
Graphics & Design,Brand Style Guides,/categories/graphics-design/brand-style-guides,I will design a minimalist logo and brand identity,5.0(33),€18.03
Graphics & Design,Brand Style Guides,/categories/graphics-design/brand-style-guides,I will design your custom logo with complete brand style guides,5.0(13),€67.61
Graphics & Design,Brand Style Guides,/categories/graphics-design/brand-style-guides,I will create a custom color palette for your brand,5.0(40),€36.06
Graphics & Design,Brand Style Guides,/categories/graphics-design/brand-style-guides,"I will design branding kit, brand identity with a minimalist logo",5.0(37),€36.06
Graphics & Design,Brand Style Guides,/categories/graphics-design/brand-style-guides,"I will develop brand guidelines, style guide, brand manual",5.0(21),€67.61
Graphics & Design,Brand Style Guides,/categories/graphics-design/brand-style-guides,I will create modern logo and corporate brand identity in 24 hours,5.0(70),€36.06
Graphics & Design,Brand Style Guides,/categories/graphics-design/brand-style-guides,I will design a beautiful yet professional branding kit for you,5.0(20),€315.52
Graphics & Design,Brand Style Guides,/categories/graphics-design/brand-style-guides,I will design a brand style guide and logo,4.9(162),€90.15
Graphics & Design,Brand Style Guides,/categories/graphics-design/brand-style-guides,I will design  logo for your company,4.9(170),€9.01
Graphics & Design,Brand Style Guides,/categories/graphics-design/brand-style-guides,I will create a color scheme for your business and project branding,5.0(24),€9.01
Graphics & Design,Brand Style Guides,/categories/graphics-design/brand-style-guides,I will do premium logo design with brand style guides,4.9(150),€90.15
Graphics & Design,Brand Style Guides,/categories/graphics-design/brand-style-guides,I will design top quality brand guidelines,4.9(45),€18.03
Graphics & Design,Brand Style Guides,/categories/graphics-design/brand-style-guides,I will create custom color palettes for your brand,4.9(118),€22.54
Graphics & Design,Brand Style Guides,/categories/graphics-design/brand-style-guides,I will create hand draw logo and brand style guide for you,4.9(42),€446.24
Graphics & Design,Brand Style Guides,/categories/graphics-design/brand-style-guides,I will do elegant creative modern minimalist business logo design brand style guide,4.8(19),€22.54
Graphics & Design,Brand Style Guides,/categories/graphics-design/brand-style-guides,"I will do amazing brand style guide, brand manual, brand guidelines",4.9(17),€22.54
Graphics & Design,Brand Style Guides,/categories/graphics-design/brand-style-guides,I will design your logo with brand guidelines,4.9(121),€450.75
Graphics & Design,Brand Style Guides,/categories/graphics-design/brand-style-guides,I will create your unique logo,5.0(29),€766.27
Graphics & Design,Brand Style Guides,/categories/graphics-design/brand-style-guides,"I will design branding kit, stationary kit and logo",5.0(9),€18.03
Graphics & Design,Brand Style Guides,/categories/graphics-design/brand-style-guides,I will design a modern logo and brand style guide within 24 hours,4.8(15),€18.03
Graphics & Design,Brand Style Guides,/categories/graphics-design/brand-style-guides,I will design your creative and unique brand identity,5.0(5),€81.13
Graphics & Design,Brand Style Guides,/categories/graphics-design/brand-style-guides,"I will design logo, brand identity, brand book for your business",4.9(22),€112.69
Graphics & Design,Brand Style Guides,/categories/graphics-design/brand-style-guides,I will create a logo design with brand guidelines,4.9(22),€67.61
Graphics & Design,Brand Style Guides,/categories/graphics-design/brand-style-guides,I will design custom logo with brand style guidelines,5.0(1),€40.57
Graphics & Design,Brand Style Guides,/categories/graphics-design/brand-style-guides,I will design unique vintage logo and brand style guide,4.8(8),€13.52
Graphics & Design,Brand Style Guides,/categories/graphics-design/brand-style-guides,I will design your brand style guide and logo,5.0(4),€18.03
Graphics & Design,Brand Style Guides,/categories/graphics-design/brand-style-guides,I will create a clear brand style guide with stunning logo,5.0(1),€198.33
Graphics & Design,Brand Style Guides,/categories/graphics-design/brand-style-guides,"I will design brand guidelines, branding manual style guide",4.8(28),€9.01
Graphics & Design,Brand Style Guides,/categories/graphics-design/brand-style-guides,I will design brand identity and style guidelines book,5.0(2),€45.07
Graphics & Design,Brand Style Guides,/categories/graphics-design/brand-style-guides,"I will design your logo,  diseño su marca",5.0(30),€54.09
Graphics & Design,Brand Style Guides,/categories/graphics-design/brand-style-guides,I will design modern logo and brand guidelines book,5.0(1),€36.06
Graphics & Design,Brand Style Guides,/categories/graphics-design/brand-style-guides,I will design logo and  branding kit,5.0(14),€45.07
Graphics & Design,Brand Style Guides,/categories/graphics-design/brand-style-guides,"I will design logo,stationery and guideline for your brand",4.9(11),€94.66
Graphics & Design,Brand Style Guides,/categories/graphics-design/brand-style-guides,I will design your document with graphic,4.8(2),€13.52
Graphics & Design,Game Art,/categories/graphics-design/game-art,I will design stunning game environments,4.9(43),€225.37
Graphics & Design,Game Art,/categories/graphics-design/game-art,"I will make an incredible, custom vrchat world for you",5.0(3),€450.75
Graphics & Design,Game Art,/categories/graphics-design/game-art,I will do a professional character illustration for you,5.0(4),€225.37
Graphics & Design,Game Art,/categories/graphics-design/game-art,I will do a professional lineart illustration,5.0(4),€121.7
Graphics & Design,Game Art,/categories/graphics-design/game-art,I will create a high quality  3d model,5.0(8),€360.6
Graphics & Design,Game Art,/categories/graphics-design/game-art,I will create 2d professional character design for you,5.0(8),€135.22
Graphics & Design,Game Art,/categories/graphics-design/game-art,I will design custom 3d game characters,4.8(15),€225.37
Graphics & Design,Game Art,/categories/graphics-design/game-art,I will design stunning game UI,5.0(24),€225.37
Graphics & Design,Game Art,/categories/graphics-design/game-art,"I will create nice 2d game assets, props, icons, objects and UI",5.0(161),€18.03
Graphics & Design,Game Art,/categories/graphics-design/game-art,I will draw your character design,5.0(63),€27.04
Graphics & Design,Game Art,/categories/graphics-design/game-art,I will make 3d low poly game assets or product renderings,5.0(30),€18.03
Graphics & Design,Game Art,/categories/graphics-design/game-art,"I will create concept item,character, game art for your game",5.0(22),€13.52
Graphics & Design,Game Art,/categories/graphics-design/game-art,I will make 3d low poly models for games,5.0(13),€9.01
Graphics & Design,Game Art,/categories/graphics-design/game-art,I will create illustration for your card game,4.9(40),€13.52
Graphics & Design,Game Art,/categories/graphics-design/game-art,I will make your custom minecraft skin in high quality,4.9(256),€9.01
Graphics & Design,Game Art,/categories/graphics-design/game-art,I will create fantasy character game concept for game or book,4.9(44),€18.03
Graphics & Design,Game Art,/categories/graphics-design/game-art,I will draw pixel art characters for your game,5.0(72),€9.01
Graphics & Design,Game Art,/categories/graphics-design/game-art,"I will make a professional character sheet, concept art or illustration",4.9(37),€13.52
Graphics & Design,Game Art,/categories/graphics-design/game-art,I will draw anime background anything style,4.9(346),€31.55
Graphics & Design,Game Art,/categories/graphics-design/game-art,I will design game level and environment in unity,5.0(21),€36.06
Graphics & Design,Game Art,/categories/graphics-design/game-art,"I will draw 2d game art props, icons or objects",5.0(21),€13.52
Graphics & Design,Game Art,/categories/graphics-design/game-art,I will draw rpg maker mv and mz sprites and battle sprites,5.0(29),€13.52
Graphics & Design,Game Art,/categories/graphics-design/game-art,"I will draw 2d game art props, objects, icons",5.0(49),€9.01
Graphics & Design,Game Art,/categories/graphics-design/game-art,I will create exquisite stylized assets for your game or film,5.0(19),€40.57
Graphics & Design,Game Art,/categories/graphics-design/game-art,"I will create you a fantasy battlemap, dnd battle map",5.0(44),€9.01
Graphics & Design,Game Art,/categories/graphics-design/game-art,I will make a custom trackmania 2020 skin just for you,4.9(42),€9.01
Graphics & Design,Game Art,/categories/graphics-design/game-art,I will create high quality character according to your suggestion,4.9(37),€22.54
Graphics & Design,Game Art,/categories/graphics-design/game-art,"I will draw character illustration for game, dnd campaign and more",5.0(44),€811.34
Graphics & Design,Game Art,/categories/graphics-design/game-art,I will design any pixel art icon for your project,5.0(118),€18.03
Graphics & Design,Game Art,/categories/graphics-design/game-art,"I will draw character sprite sheet animation, 2d game assets",4.9(18),€18.03
Graphics & Design,Game Art,/categories/graphics-design/game-art,I will do professional pixel art for your nft collectibles,4.9(75),€18.03
Graphics & Design,Game Art,/categories/graphics-design/game-art,I will draw character design and concept art sheet,5.0(55),€27.04
Graphics & Design,Game Art,/categories/graphics-design/game-art,I will be happy to do a level design using unity3d for your game,4.9(41),€27.04
Graphics & Design,Game Art,/categories/graphics-design/game-art,I will retopologize and uv unwrap your 3d model,4.9(30),€18.03
Graphics & Design,Game Art,/categories/graphics-design/game-art,"I will make any pixel art, animation or nft",5.0(55),€18.03
Graphics & Design,Game Art,/categories/graphics-design/game-art,I will create 3d game ready character design,5.0(27),€27.04
Graphics & Design,Game Art,/categories/graphics-design/game-art,I will make for you original designer playing cards in vector,5.0(219),€31.55
Graphics & Design,Game Art,/categories/graphics-design/game-art,I will make pokemon sprites of your ideas,5.0(86),€18.03
Graphics & Design,Game Art,/categories/graphics-design/game-art,I will make some backgrounds of street or rooms,4.9(26),€13.52
Graphics & Design,Game Art,/categories/graphics-design/game-art,I will create character designs for your game,4.9(32),€31.55
Graphics & Design,Game Art,/categories/graphics-design/game-art,I will build anything you want in minecraft,5.0(82),€36.06
Graphics & Design,Game Art,/categories/graphics-design/game-art,I will design tarot card game artworks and illustrations,4.9(56),€22.54
Graphics & Design,Game Art,/categories/graphics-design/game-art,I will draw a chibi character for your game project or profile pic,5.0(61),€13.52
Graphics & Design,Game Art,/categories/graphics-design/game-art,I will do euro truck simulator 2 paintjobs,5.0(24),€9.01
Graphics & Design,Game Art,/categories/graphics-design/game-art,"I will retopo, unwrap and texture your 3d model",4.9(63),€18.03
Graphics & Design,Game Art,/categories/graphics-design/game-art,"I will create vector 2d props, assets, icons, objects for your game",5.0(68),€22.54
Graphics & Design,Game Art,/categories/graphics-design/game-art,"I will create 2d game art, props, assets, objects, icons, skills",5.0(58),€13.52
Graphics & Design,Game Art,/categories/graphics-design/game-art,I will make a professional roblox thumbnail for youtube,4.9(60),€9.01
Graphics & Design,Game Art,/categories/graphics-design/game-art,I will do skins for assetto corsa and assetto corsa competizione,5.0(15),€9.01
Graphics & Design,Game Art,/categories/graphics-design/game-art,I will make 3d model assets ready for games,5.0(83),€9.01
Graphics & Design,Game Art,/categories/graphics-design/game-art,"I will create a 2d game asset, icon, sprite, etc",5.0(39),€9.01
Graphics & Design,Game Art,/categories/graphics-design/game-art,I will do environment concept art,5.0(131),€180.3
Graphics & Design,Game Art,/categories/graphics-design/game-art,I will do any 3d game ready asset,5.0(19),€36.06
Graphics & Design,Game Art,/categories/graphics-design/game-art,I will make 2d animation sprite sheet for your game,4.9(129),€9.01
Graphics & Design,Game Art,/categories/graphics-design/game-art,I will create realistic 3d environment,5.0(11),€270.45
Graphics & Design,Game Art,/categories/graphics-design/game-art,I will create for you a voxel scene,5.0(17),€22.54
Graphics & Design,Logo Design,/categories/graphics-design/creative-logo-design,I will design a professional smart logo for your business,5.0(4),€631.04
Graphics & Design,Logo Design,/categories/graphics-design/creative-logo-design,I will design a modern minimalist logo for your business,4.6(13),€631.04
Graphics & Design,Logo Design,/categories/graphics-design/creative-logo-design,I will design the perfect logo for your business,5.0(47),€2164
Graphics & Design,Logo Design,/categories/graphics-design/creative-logo-design,I will help your business stands out with strategic branding,5.0(2),€9015
Graphics & Design,Logo Design,/categories/graphics-design/creative-logo-design,I will design the perfect logo for your business,4.9(40),€2705
Graphics & Design,Logo Design,/categories/graphics-design/creative-logo-design,I will create an immaculate logo,5.0(69),€716.69
Graphics & Design,Logo Design,/categories/graphics-design/creative-logo-design,I will design a hand drawn logo and brand identity,5.0(89),€856.42
Graphics & Design,Logo Design,/categories/graphics-design/creative-logo-design,I will design a beautiful hand lettering logo for your company,4.6(9),€450.75
Graphics & Design,Logo Design,/categories/graphics-design/creative-logo-design,I will design a minimalist logo,4.6(101),€13.52
Graphics & Design,Logo Design,/categories/graphics-design/creative-logo-design,I will design 3 flat minimalist logo design,4.9(1k+),€9.01
Graphics & Design,Logo Design,/categories/graphics-design/creative-logo-design,I will do modern line art text or badge logo design,4.9(1k+),€18.03
Graphics & Design,Logo Design,/categories/graphics-design/creative-logo-design,I will do modern business logo design with copyrights,4.9(1k+),€36.06
Graphics & Design,Logo Design,/categories/graphics-design/creative-logo-design,I will design 3 modern minimalist logo design in 24 hrs,4.9(1k+),€9.01
Graphics & Design,Logo Design,/categories/graphics-design/creative-logo-design,I will design 3 unique modern minimalist logo design,4.9(1k+),€18.03
Graphics & Design,Logo Design,/categories/graphics-design/creative-logo-design,I will design 3 modern minimalist logo designs,4.9(1k+),€9.01
Graphics & Design,Logo Design,/categories/graphics-design/creative-logo-design,I will design 3 modern minimalist logo design in 24 hrs,4.9(1k+),€9.01
Graphics & Design,Logo Design,/categories/graphics-design/creative-logo-design,"I will hand draw a logo, illustration, mascot",5.0(149),€27.04
Graphics & Design,Logo Design,/categories/graphics-design/creative-logo-design,I will design 3 modern minimalist logo design,4.9(1k+),€9.01
Graphics & Design,Logo Design,/categories/graphics-design/creative-logo-design,I will design a modern elegant branding kit,5.0(161),€9.01
Graphics & Design,Logo Design,/categories/graphics-design/creative-logo-design,I will do modern minimalist logo design,4.9(1k+),€22.54
Graphics & Design,Logo Design,/categories/graphics-design/creative-logo-design,I will design a sleek modern minimalist logo,4.9(1k+),€49.58
Graphics & Design,Logo Design,/categories/graphics-design/creative-logo-design,"I will design your amazing mascot, caricature and character logo",4.9(307),€22.54
Graphics & Design,Logo Design,/categories/graphics-design/creative-logo-design,I will design 3 creative modern minimalist logo design,4.9(1k+),€9.01
Graphics & Design,Logo Design,/categories/graphics-design/creative-logo-design,I will design an outstanding logo,4.9(1k+),€9.01
Graphics & Design,Logo Design,/categories/graphics-design/creative-logo-design,I will do modern minimalist luxury business logo design unlimited revisions,4.9(1k+),€9.01
Graphics & Design,Logo Design,/categories/graphics-design/creative-logo-design,I will do minimalist modern and business logo design,4.9(1k+),€27.04
Graphics & Design,Logo Design,/categories/graphics-design/creative-logo-design,I will design a professional modern minimalist business logo,4.9(1k+),€45.07
Graphics & Design,Logo Design,/categories/graphics-design/creative-logo-design,I will design 2 wordmark or lettermark logo for your business,4.9(98),€22.54
Graphics & Design,Logo Design,/categories/graphics-design/creative-logo-design,I will design a botanical hand drawn boho feminine logo,4.9(46),€27.04
Graphics & Design,Logo Design,/categories/graphics-design/creative-logo-design,I will design your creative logo in 24 hrs,4.8(1k+),€22.54
Graphics & Design,Logo Design,/categories/graphics-design/creative-logo-design,I will design a mini branding kit for you,5.0(462),€27.04
Graphics & Design,Logo Design,/categories/graphics-design/creative-logo-design,I will design modern minimalist logo,4.8(1k+),€9.01
Graphics & Design,Logo Design,/categories/graphics-design/creative-logo-design,I will do modern minimalist luxury logo design,5.0(1k+),€22.54
Graphics & Design,Logo Design,/categories/graphics-design/creative-logo-design,I will do modern minimalist logo design,4.9(1k+),€22.54
Graphics & Design,Logo Design,/categories/graphics-design/creative-logo-design,I will create a professional minimalist logo design,5.0(1k+),€22.54
Graphics & Design,Logo Design,/categories/graphics-design/creative-logo-design,I will design 3 minimalist logo concepts with unlimited revisions,4.9(1k+),€45.07
Graphics & Design,Logo Design,/categories/graphics-design/creative-logo-design,I will do 3 flat minimalist logo for your business,4.9(1k+),€9.01
Graphics & Design,Logo Design,/categories/graphics-design/creative-logo-design,I will do professional minimalist logo design,5.0(1k+),€22.54
Graphics & Design,Logo Design,/categories/graphics-design/creative-logo-design,"I will design awesome professional initial letters,  monogram logo",4.8(212),€22.54
Graphics & Design,Logo Design,/categories/graphics-design/creative-logo-design,I will do 3 modern minimalist business logo design for your brand,4.9(626),€22.54
Graphics & Design,Logo Design,/categories/graphics-design/creative-logo-design,I will design 3 minimalist modern line art badge or feminine logo,5.0(1k+),€9.01
Graphics & Design,Logo Design,/categories/graphics-design/creative-logo-design,I will do modern minimalist logo design with free source files,4.8(1k+),€13.52
Graphics & Design,Logo Design,/categories/graphics-design/creative-logo-design,I will create modern minimalist and luxury logo design,5.0(533),€22.54
Graphics & Design,Logo Design,/categories/graphics-design/creative-logo-design,I will do 3 modern minimalist logo design for your business,4.9(1k+),€13.52
Graphics & Design,Game Art,/categories/graphics-design/game-art/character-design,I will do a professional character illustration for you,5.0(4),€225.37
Graphics & Design,Game Art,/categories/graphics-design/game-art/character-design,I will design custom 3d game characters,4.8(15),€225.37
Graphics & Design,Game Art,/categories/graphics-design/game-art/character-design,I will create 2d professional character design for you,5.0(8),€135.22
Graphics & Design,Game Art,/categories/graphics-design/game-art/character-design,I will draw your character design,5.0(63),€27.04
Graphics & Design,Game Art,/categories/graphics-design/game-art/character-design,I will create illustration for your card game,4.9(40),€13.52
Graphics & Design,Game Art,/categories/graphics-design/game-art/character-design,I will make your custom minecraft skin in high quality,4.9(256),€9.01
Graphics & Design,Game Art,/categories/graphics-design/game-art/character-design,I will create fantasy character game concept for game or book,4.9(44),€18.03
Graphics & Design,Game Art,/categories/graphics-design/game-art/character-design,I will draw pixel art characters for your game,5.0(72),€9.01
Graphics & Design,Game Art,/categories/graphics-design/game-art/character-design,I will create game portrait or game image in pixel version,5.0(3),€9.01
Graphics & Design,Game Art,/categories/graphics-design/game-art/character-design,I will be your full time 3d character artist,5.0(3),€450.75
Graphics & Design,Game Art,/categories/graphics-design/game-art/character-design,I will draw fantasy character illustration pro,5.0(22),€22.54
Graphics & Design,Game Art,/categories/graphics-design/game-art/character-design,I will create a pixel art sprite,5.0(1),€9.01
Graphics & Design,Game Art,/categories/graphics-design/game-art/character-design,I will draw some pixel sprites in 32x32 in 2d for your projects,5.0(1),€13.52
Graphics & Design,Game Art,/categories/graphics-design/game-art/character-design,I will draw a character sheet turnaround for you,5.0(4),€22.54
Graphics & Design,Game Art,/categories/graphics-design/game-art/character-design,I will illustrate your oc or dnd character,5.0(2),€22.54
Graphics & Design,Game Art,/categories/graphics-design/game-art/character-design,I will design character for live2d vtuber or game,5.0(2),€22.54
Graphics & Design,Game Art,/categories/graphics-design/game-art/props-objects-design,I will create a high quality  3d model,5.0(8),€360.6
Graphics & Design,Game Art,/categories/graphics-design/game-art/props-objects-design,"I will create nice 2d game assets, props, icons, objects and UI",5.0(161),€18.03
Graphics & Design,Game Art,/categories/graphics-design/game-art/props-objects-design,I will make 3d low poly game assets or product renderings,5.0(30),€18.03
Graphics & Design,Game Art,/categories/graphics-design/game-art/props-objects-design,"I will create concept item,character, game art for your game",5.0(22),€13.52
Graphics & Design,Game Art,/categories/graphics-design/game-art/props-objects-design,I will make 3d low poly models for games,5.0(13),€9.01
Graphics & Design,Game Art,/categories/graphics-design/game-art/props-objects-design,"I will draw 2d game art props, icons or objects",5.0(21),€13.52
Graphics & Design,Game Art,/categories/graphics-design/game-art/props-objects-design,"I will draw 2d game art props, objects, icons",5.0(49),€9.01
Graphics & Design,Game Art,/categories/graphics-design/game-art/props-objects-design,I will create exquisite stylized assets for your game or film,5.0(19),€40.57
Graphics & Design,Game Art,/categories/graphics-design/game-art/props-objects-design,I will model and texture killer 3d game assets,5.0(15),€36.06
Graphics & Design,Game Art,/categories/graphics-design/game-art/props-objects-design,I will modeling  in voxel art for the sandbox game,5.0(2),€13.52
Graphics & Design,Game Art,/categories/graphics-design/game-art/props-objects-design,I will create detailed model with pbr textures,5.0(2),€108.18
Graphics & Design,Game Art,/categories/graphics-design/game-art/props-objects-design,I will creating a model for the environment of your 3d game or cinematic,5.0(2),€40.57
Graphics & Design,Game Art,/categories/graphics-design/game-art/props-objects-design,I will 3d model for you for  an amount of days,5.0(2),€135.22
Graphics & Design,Game Art,/categories/graphics-design/game-art/props-objects-design,I will make a game ready model for you,5.0(2),€22.54
Graphics & Design,Game Art,/categories/graphics-design/game-art/props-objects-design,I will create 3d environments and prop 3d models,4.9(6),€27.04
Graphics & Design,Game Art,/categories/graphics-design/game-art/props-objects-design,I will art assets for games,4.9(26),€72.12
Graphics & Design,Game Art,/categories/graphics-design/game-art/backgrounds-environments-design,I will design stunning game environments,4.9(43),€225.37
Graphics & Design,Game Art,/categories/graphics-design/game-art/backgrounds-environments-design,"I will make an incredible, custom vrchat world for you",5.0(3),€450.75
Graphics & Design,Game Art,/categories/graphics-design/game-art/backgrounds-environments-design,I will draw anime background anything style,4.9(346),€31.55
Graphics & Design,Game Art,/categories/graphics-design/game-art/backgrounds-environments-design,I will design game level and environment in unity,5.0(21),€36.06
Graphics & Design,Game Art,/categories/graphics-design/game-art/backgrounds-environments-design,"I will create you a fantasy battlemap, dnd battle map",5.0(44),€9.01
Graphics & Design,Game Art,/categories/graphics-design/game-art/backgrounds-environments-design,I will be happy to do a level design using unity3d for your game,4.9(41),€27.04
Graphics & Design,Game Art,/categories/graphics-design/game-art/backgrounds-environments-design,I will make some backgrounds of street or rooms,4.9(26),€13.52
Graphics & Design,Game Art,/categories/graphics-design/game-art/backgrounds-environments-design,I will build anything you want in minecraft,5.0(82),€36.06
Graphics & Design,Game Art,/categories/graphics-design/game-art/backgrounds-environments-design,"I will make anime background and environment design, visual novel",,€9.01
Graphics & Design,Game Art,/categories/graphics-design/game-art/ui-ux,I will design stunning game UI,5.0(24),€225.37
Graphics & Design,Game Art,/categories/graphics-design/game-art/ui-ux,I will design any pixel art icon for your project,5.0(118),€18.03
Graphics & Design,Game Art,/categories/graphics-design/game-art/ui-ux,I will create game graphics design and UI,4.9(394),€162.27
Graphics & Design,Game Art,/categories/graphics-design/game-art/ui-ux,I will design stylized anime game UI for your mobile and pc,5.0(4),€54.09
Graphics & Design,Game Art,/categories/graphics-design/game-art/ui-ux,I will design modern game UI and graphics for mobile games,5.0(4),€45.07
Graphics & Design,Game Art,/categories/graphics-design/game-art/ui-ux,I will design modern game UI for PC and mobile,4.9(37),€54.09
Graphics & Design,Game Art,/categories/graphics-design/game-art/ui-ux,"I will design games graphics ui menu, popups, buttons, game logo",5.0(22),€45.07
Graphics & Design,Game Art,/categories/graphics-design/game-art/ui-ux,"I will design UI for mobile games, 2d desktop and console games",5.0(8),€13.52
Graphics & Design,Graphics for Streamers,/categories/graphics-design/graphics-for-streamers,"I will create awesome twitch overlays, logo and screens",4.9(1k+),€36.06
Graphics & Design,Graphics for Streamers,/categories/graphics-design/graphics-for-streamers,I will design twitch overlay and gaming logo for live streamers,5.0(114),€9.01
Graphics & Design,Graphics for Streamers,/categories/graphics-design/graphics-for-streamers,I will design a twitch overlays and logo for your stream,4.9(943),€9.01
Graphics & Design,Graphics for Streamers,/categories/graphics-design/graphics-for-streamers,I will create a cute custom overlay for your stream on twitch,5.0(256),€22.54
Graphics & Design,Graphics for Streamers,/categories/graphics-design/graphics-for-streamers,I will design a professional twitch overlay and mascot logo,4.9(449),€18.03
Graphics & Design,Graphics for Streamers,/categories/graphics-design/graphics-for-streamers,I will design 6 twitch sub badges or 6 sub emotes in just 10 dollar,4.9(226),€9.01
Graphics & Design,Graphics for Streamers,/categories/graphics-design/graphics-for-streamers,I will create custom cute chibi twitch emotes and sub badges,4.9(146),€9.01
Graphics & Design,Graphics for Streamers,/categories/graphics-design/graphics-for-streamers,I will create custom twitch emotes and sub badges,5.0(196),€18.03
Graphics & Design,Graphics for Streamers,/categories/graphics-design/graphics-for-streamers,I will draw twitch and discord emotes,5.0(134),€18.03
Graphics & Design,Graphics for Streamers,/categories/graphics-design/graphics-for-streamers,"I will design animated twitch overlay, facecam, panels, screen, alerts for stream",4.9(1k+),€22.54
Graphics & Design,Graphics for Streamers,/categories/graphics-design/graphics-for-streamers,"I will design best animated twitch logo, intro, overlays and more",4.9(162),€13.52
Graphics & Design,Graphics for Streamers,/categories/graphics-design/graphics-for-streamers,I will make awesome twitch panels,4.8(233),€27.04
Graphics & Design,Graphics for Streamers,/categories/graphics-design/graphics-for-streamers,I will make you custom pepe emotes,5.0(45),€13.52
Graphics & Design,Graphics for Streamers,/categories/graphics-design/graphics-for-streamers,I will draw custom twitch emotes and badges,5.0(111),€13.52
Graphics & Design,Graphics for Streamers,/categories/graphics-design/graphics-for-streamers,"I will create cute custom twitch, discord emotes and badges",5.0(35),€18.03
Graphics & Design,Graphics for Streamers,/categories/graphics-design/graphics-for-streamers,I will make full stream overlay and gaming logo,4.9(114),€9.01
Graphics & Design,Business Cards & Stationery,/categories/graphics-design/sample-business-cards-design,I will design your business card,5.0(17),€180.3
Graphics & Design,Business Cards & Stationery,/categories/graphics-design/sample-business-cards-design,"I will design professional resume, CV, cover letter",5.0(5),€225.37
Graphics & Design,Business Cards & Stationery,/categories/graphics-design/sample-business-cards-design,"I will design superb minimal business card, stationary",5.0(3),€225.37
Graphics & Design,Business Cards & Stationery,/categories/graphics-design/sample-business-cards-design,I will leverage your brand value with rich brand assets,5.0(3),€2254
Graphics & Design,Business Cards & Stationery,/categories/graphics-design/sample-business-cards-design,I will design your stationery and brand identity,5.0(11),€585.97
Graphics & Design,Business Cards & Stationery,/categories/graphics-design/sample-business-cards-design,"I will do uv gloss, luxury business card design in 24 hour",4.8(114),€9.01
Graphics & Design,Business Cards & Stationery,/categories/graphics-design/sample-business-cards-design,I will design business card minimalist business card design,4.9(1k+),€9.01
Graphics & Design,Business Cards & Stationery,/categories/graphics-design/sample-business-cards-design,I will create unique 2 sided business card in 6 hours,5.0(327),€9.01
Graphics & Design,Business Cards & Stationery,/categories/graphics-design/sample-business-cards-design,"I will design professional  email signature, footer",5.0(32),€9.01
Graphics & Design,Business Cards & Stationery,/categories/graphics-design/sample-business-cards-design,"I will do uv gloss, minimalist, luxury business card design 24h",4.7(22),€9.01
Graphics & Design,Business Cards & Stationery,/categories/graphics-design/sample-business-cards-design,"I will design cooperate calendar, planner, journal, checklist, pdfs",4.9(72),€9.01
Graphics & Design,Business Cards & Stationery,/categories/graphics-design/sample-business-cards-design,I will design clickable HTML and animated email signature,5.0(89),€9.01
Graphics & Design,Business Cards & Stationery,/categories/graphics-design/sample-business-cards-design,I will design modern presentation folder,5.0(52),€9.01
Graphics & Design,Business Cards & Stationery,/categories/graphics-design/sample-business-cards-design,"I will make a clickable HTML email signature for outlook, gmail etc",4.9(821),€9.01
Graphics & Design,Business Cards & Stationery,/categories/graphics-design/sample-business-cards-design,I will minimalist business card design,5.0(83),€9.01
Graphics & Design,Business Cards & Stationery,/categories/graphics-design/sample-business-cards-design,I will design professional business card or stationery,4.9(25),€22.54
Graphics & Design,Website Design,/categories/graphics-design/website-design,"I will design wordpress, squarespace, wix website for you",4.9(27),€225.37
Graphics & Design,Website Design,/categories/graphics-design/website-design,I will layout design supreme whitepaper or  crypto white paper,4.6(11),€225.37
Graphics & Design,Website Design,/categories/graphics-design/website-design,"I will design shopify, wix, squarespace website",4.9(22),€225.37
Graphics & Design,Website Design,/categories/graphics-design/website-design,"I will design creative, unique and high quality website UI UX",5.0(71),€347.07
Graphics & Design,Website Design,/categories/graphics-design/website-design,I will design your website to modern standards,5.0(8),€2254
Graphics & Design,Website Design,/categories/graphics-design/website-design,I will design your kickass website or app,4.8(15),€1353
Graphics & Design,Website Design,/categories/graphics-design/website-design,I will do UI UX design for your project,5.0(15),€1353
Graphics & Design,Website Design,/categories/graphics-design/website-design,I will design unique creative business website,4.9(14),€1443
Graphics & Design,Website Design,/categories/graphics-design/website-design,I will design and develop fully responsive professional website,4.9(310),€63.1
Graphics & Design,Website Design,/categories/graphics-design/website-design,I will do complete graphics solution for your website,4.9(114),€22.54
Graphics & Design,Website Design,/categories/graphics-design/website-design,I will do pixel perfect PSD web template or website mockup design,4.9(73),€76.63
Graphics & Design,Website Design,/categories/graphics-design/website-design,I will do web UI UX design,4.9(87),€63.1
Graphics & Design,Website Design,/categories/graphics-design/website-design,"I will design wireframes, mockups, websites and apps in xd",4.9(42),€36.06
Graphics & Design,Website Design,/categories/graphics-design/website-design,I will design awesome PSD website mockup,5.0(456),€31.55
Graphics & Design,Website Design,/categories/graphics-design/website-design,I will fix wordpress issues and provide expert wordpress help,5.0(150),€18.03
Graphics & Design,Website Design,/categories/graphics-design/website-design,I will design custom responsive ebay listing template,5.0(38),€13.52
Graphics & Design,Website Design,/categories/graphics-design/website-design,I will design responsive website  for your business in 12 hours,4.9(483),€72.12
Graphics & Design,Website Design,/categories/graphics-design/website-design,I will design awesome SEO optimized website,4.9(279),€54.09
Graphics & Design,Website Design,/categories/graphics-design/website-design,I will build responsive wordpress website,5.0(339),€135.22
Graphics & Design,Website Design,/categories/graphics-design/website-design,I will design and build a custom wix website,4.9(309),€18.03
Graphics & Design,Website Design,/categories/graphics-design/website-design,"I will do PSD web design, xd web design or figma web design",4.9(38),€18.03
Graphics & Design,Website Design,/categories/graphics-design/website-design,I will design elegant business or ecommerce wordpress website,4.9(312),€45.07
Graphics & Design,Website Design,/categories/graphics-design/website-design,I will convert your design into webflow with responsive,4.9(242),€108.18
Graphics & Design,Website Design,/categories/graphics-design/website-design,I will do PSD web template or PSD website design,4.9(75),€31.55
Graphics & Design,Website Design,/categories/graphics-design/website-design,I will do full website creation and website design smoothly,5.0(35),€85.64
Graphics & Design,Website Design,/categories/graphics-design/website-design,I will design modern websites in figma or adobe xd,5.0(7),€31.55
Graphics & Design,Website Design,/categories/graphics-design/website-design,I will design modern psd web template or website ui ux,5.0(24),€72.12
Graphics & Design,Website Design,/categories/graphics-design/website-design,I will design or create a professional responsive website,5.0(25),€31.55
Graphics & Design,Website Design,/categories/graphics-design/website-design,"I will design a wix website, wix redesign, and wix landing page",4.9(181),€45.07
Graphics & Design,Website Design,/categories/graphics-design/website-design,I will professional  and responsive website design,4.9(291),€13.52
Graphics & Design,Website Design,/categories/graphics-design/website-design,I will create a modern and professional website UI UX design,4.8(25),€36.06
Graphics & Design,Website Design,/categories/graphics-design/website-design,"I will author website, book author, ebook website, book launch, book author website",5.0(22),€36.06
Graphics & Design,Website Design,/categories/graphics-design/website-design,"I will create a wix website design, redesign, wix landing page",4.9(859),€45.07
Graphics & Design,Website Design,/categories/graphics-design/website-design,I will ux UI design website or mobile app in figma,4.9(77),€40.57
Graphics & Design,Website Design,/categories/graphics-design/website-design,"I will design web and app UI UX in PSD, figma or xd",5.0(65),€27.04
Graphics & Design,Website Design,/categories/graphics-design/website-design,I will design UI UX for website and web apps in adobe xd,5.0(49),€45.07
Graphics & Design,Website Design,/categories/graphics-design/website-design,I will do UI UX design for your website,4.9(22),€72.12
Graphics & Design,Website Design,/categories/graphics-design/website-design,"I will develop, redesign, wix, PSD, xd, sketch, figma, HTML to elementor pro wordpress",5.0(124),€22.54
Graphics & Design,Website Design,/categories/graphics-design/website-design,"I will design high converting landing page, web template in psd, figma, xd",4.9(21),€18.03
Graphics & Design,Website Design,/categories/graphics-design/website-design,I will do modern website ui ux design in 24 hours,5.0(25),€72.12
Graphics & Design,Website Design,/categories/graphics-design/website-design,I will create responsive bootstrap website,5.0(475),€450.75
Graphics & Design,Website Design,/categories/graphics-design/website-design,"I will design photoshop PSD, xd web template website",4.9(83),€9.01
Graphics & Design,Website Design,/categories/graphics-design/website-design,I will website designer to design SEO friendly mobile responsive wordpress website,5.0(43),€270.45
Graphics & Design,Website Design,/categories/graphics-design/website-design,I will design ui ux website and mobile app ui design in adobe xd,4.9(11),€18.03
Graphics & Design,Website Design,/categories/graphics-design/website-design,I will create a custom and responsive HTML website template design,5.0(18),€180.3
Graphics & Design,Website Design,/categories/graphics-design/website-design,I will build a modern and responsive wordpress website,5.0(33),€81.13
Graphics & Design,Website Design,/categories/graphics-design/website-design,I will develop a branded shopify store from scratch,4.9(116),€108.18
Graphics & Design,Website Design,/categories/graphics-design/website-design,"I will design, redesign, develop a business website with HTML CSS",4.9(105),€27.04
Graphics & Design,Website Design,/categories/graphics-design/website-design,"I will design wix website, wix redesign, wix landing page",4.9(269),€135.22
Graphics & Design,Website Design,/categories/graphics-design/website-design,I will design or redesign your wix website or wix online store,4.9(40),€18.03
Graphics & Design,Website Design,/categories/graphics-design/website-design,I will design website and mobile app,4.9(150),€45.07
Graphics & Design,Website Design,/categories/graphics-design/website-design,I will professionally design an awesome wordpress website,5.0(23),€13.52
Graphics & Design,Website Design,/categories/graphics-design/website-design,I will design or redesign wix website,5.0(2),€9.01
Graphics & Design,App Design,/categories/graphics-design/app-design,"I will design web app, dashboard",5.0(54),€261.43
Graphics & Design,App Design,/categories/graphics-design/app-design,I will do creative mobile app design with clean ui and ux,4.9(120),€901.49
Graphics & Design,App Design,/categories/graphics-design/app-design,I will design modern UI UX for your mobile app,5.0(17),€58.6
Graphics & Design,App Design,/categories/graphics-design/app-design,I will do UI UX design for your app and web,5.0(235),€90.15
Graphics & Design,App Design,/categories/graphics-design/app-design,I will design stunning mobile UI with wireframe and animation,5.0(42),€22.54
Graphics & Design,App Design,/categories/graphics-design/app-design,I will design web and mobile app,5.0(162),€225.37
Graphics & Design,App Design,/categories/graphics-design/app-design,"I will create UI UX design for mobile app, website, and prototypes",4.8(25),€27.04
Graphics & Design,App Design,/categories/graphics-design/app-design,I will create a unique mobile app UI UX design,5.0(136),€540.89
Graphics & Design,App Design,/categories/graphics-design/app-design,I will design app or game of the day cards for app store,4.6(3),€27.04
Graphics & Design,App Design,/categories/graphics-design/app-design,I will design UI UX prototype wireframe for mobile and web,5.0(5),€45.07
Graphics & Design,App Design,/categories/graphics-design/app-design,I will do professional ui ux for mobile app,5.0(2),€9.01
Graphics & Design,App Design,/categories/graphics-design/app-design,I will design mobile app UI UX design,5.0(4),€22.54
Graphics & Design,App Design,/categories/graphics-design/app-design,I will design mobile app UI UX for android or IOS,5.0(2),€9.01
Graphics & Design,App Design,/categories/graphics-design/app-design,I will design splash or onboarding screen for android or ios app,5.0(14),€9.01
Graphics & Design,App Design,/categories/graphics-design/app-design,I will do ui ux design for your web or mobile app,5.0(2),€45.07
Graphics & Design,App Design,/categories/graphics-design/app-design,I will do web or mobile app UI design,5.0(2),€45.07
Graphics & Design,UX Design,/categories/graphics-design/ux-design,I will design stunning prototypes for your IOS app,5.0(11),€2254
Graphics & Design,UX Design,/categories/graphics-design/ux-design,I will design wireframes for your website in figma,4.8(22),€157.76
Graphics & Design,UX Design,/categories/graphics-design/ux-design,I will audit your web or landing page,5.0(10),€90.15
Graphics & Design,UX Design,/categories/graphics-design/ux-design,"I will design prototype in adobe xd, figma, sketch or axure rp",4.9(33),€22.54
Graphics & Design,UX Design,/categories/graphics-design/ux-design,I will design interactive mobile app UI UX android and iphone,5.0(55),€13.52
Graphics & Design,UX Design,/categories/graphics-design/ux-design,I will do wireframing and design your mobile apps and websites,5.0(45),€13.52
Graphics & Design,UX Design,/categories/graphics-design/ux-design,I will design UI UX of your website or any ios android app,5.0(49),€13.52
Graphics & Design,UX Design,/categories/graphics-design/ux-design,I will design mobile app UI UX,4.9(58),€22.54
Graphics & Design,UX Design,/categories/graphics-design/ux-design,I will do latest UI UX for mobile app websites in adobe xd or figma,5.0(1),€18.03
Graphics & Design,UX Design,/categories/graphics-design/ux-design,"I will do UX research, UX design, user experience design or ux ui design",5.0(8),€270.45
Graphics & Design,UX Design,/categories/graphics-design/ux-design,"I will create low fidelity, UX design for mobile app or web",4.9(6),€36.06
Graphics & Design,UX Design,/categories/graphics-design/ux-design,"I will design web, app login page UI UX",4.9(6),€13.52
Graphics & Design,UX Design,/categories/graphics-design/ux-design,I will ui ux and website landing page design,5.0(3),€31.55
Graphics & Design,UX Design,/categories/graphics-design/ux-design,I will do business analysis and design a perfect user experience for your idea,5.0(14),€45.07
Graphics & Design,UX Design,/categories/graphics-design/ux-design,I will design UI UX for your app and website,5.0(14),€45.07
Graphics & Design,UX Design,/categories/graphics-design/ux-design,I will make a professional UX UI design,5.0(14),€31.55
Graphics & Design,Landing Page Design,/categories/graphics-design/landing-page-design,I will design creative one page or landing page website UI,5.0(658),€108.18
Graphics & Design,Landing Page Design,/categories/graphics-design/landing-page-design,I will design a creative and unique landing page UI,4.8(40),€45.07
Graphics & Design,Landing Page Design,/categories/graphics-design/landing-page-design,I will create a clean and modern landing page design,5.0(28),€18.03
Graphics & Design,Landing Page Design,/categories/graphics-design/landing-page-design,I will design modern and professional landing page or homepage,5.0(65),€108.18
Graphics & Design,Landing Page Design,/categories/graphics-design/landing-page-design,"I will design clean and modern landing page, homepage with figma",5.0(59),€36.06
Graphics & Design,Landing Page Design,/categories/graphics-design/landing-page-design,I will design awesome landing page or PSD template for you,4.9(26),€90.15
Graphics & Design,Landing Page Design,/categories/graphics-design/landing-page-design,I will design website for dispatching services,5.0(1),€112.69
Graphics & Design,Landing Page Design,/categories/graphics-design/landing-page-design,I will build a responsive landing page,5.0(5),€72.12
Graphics & Design,Resume Design,/categories/graphics-design/resume-design,"I will design professional resume, cv and cover letter template",4.9(122),€13.52
Graphics & Design,Resume Design,/categories/graphics-design/resume-design,I will design and format your resume and cover letter in ms word,4.9(58),€9.01
Graphics & Design,Resume Design,/categories/graphics-design/resume-design,I will design infographic resume CV and posters,4.9(109),€27.04
Graphics & Design,Resume Design,/categories/graphics-design/resume-design,"I will design or rewrite a professional cv, resume, cover letter",4.8(145),€22.54
Graphics & Design,Resume Design,/categories/graphics-design/resume-design,"I will design brochure, flyer, newsletter, resume design, menu template in word",4.9(239),€18.03
Graphics & Design,Resume Design,/categories/graphics-design/resume-design,"I will design canadian resume, canadian CV, career advice",5.0(17),€13.52
Graphics & Design,Resume Design,/categories/graphics-design/resume-design,"I will create, edit, format and redesign your microsoft word documents and PDF",4.7(11),€9.01
Graphics & Design,Resume Design,/categories/graphics-design/resume-design,I will design a inforgraphic style CV resume,4.9(17),€9.01
